City_ID,City,Lat,Lng,Max Temp,Humidity,Cloudiness,Wind Speed,Country,Date
0,blackmans bay,-43.0167,147.3167,12.08,89,10,2.67,AU,1686093479
1,waitangi,-43.9535,-176.5597,11.57,91,100,0.89,NZ,1686093479
2,cabedelo,-6.9811,-34.8339,25.37,82,20,4.43,BR,1686093282
3,pizarro,4.9533,-77.366,26.72,83,100,2.43,CO,1686093282
4,grytviken,-54.2811,-36.5092,2.5,96,90,2.04,GS,1686093447
5,cromer,52.9312,1.2989,11.19,80,87,5.78,GB,1686093282
6,howard springs,-12.497,131.047,24.95,68,4,2.81,AU,1686093282
7,tiksi,71.6872,128.8694,3.0,88,56,2.16,RU,1686093479
8,utrik,11.2278,169.8474,27.53,83,83,9.29,MH,1686093480
9,kresttsy,58.2452,32.5165,10.93,93,92,1.91,RU,1686093072
10,saudarkrokur,65.7461,-19.6394,6.92,77,72,0.93,IS,1686093283
11,port-aux-francais,-49.35,70.2167,2.05,89,100,12.91,TF,1686093480
12,puerto natales,-51.7236,-72.4875,3.39,87,51,3.57,CL,1686093480
13,sirte,31.2089,16.5887,20.96,81,63,7.39,LY,1686093283
14,fort bragg,35.139,-79.006,29.34,42,0,4.63,US,1686093480
15,anadyr,64.75,177.4833,11.28,62,0,10.0,RU,1686093284
16,guerrero negro,27.9769,-114.0611,19.11,57,84,7.41,MX,1686093481
17,thompson,55.7435,-97.8558,21.09,88,100,3.09,CA,1686093481
18,albany,42.6001,-73.9662,17.51,75,55,0.89,US,1686093481
19,papatowai,-46.5619,169.4708,7.77,70,23,0.71,NZ,1686093481
20,hithadhoo,-0.6,73.0833,27.99,76,42,2.61,MV,1686093481
21,jamestown,42.097,-79.2353,19.73,53,75,3.6,US,1686093481
22,la sarre,48.8002,-79.1996,17.16,35,1,5.88,CA,1686093284
23,bredasdorp,-34.5322,20.0403,9.16,74,45,1.02,ZA,1686093482
24,kwolla,8.9333,9.2833,25.32,82,68,2.6,NG,1686093285
25,whitehorse,60.7161,-135.0538,15.57,66,75,4.63,CA,1686093482
26,east london,-33.0153,27.9116,16.3,32,0,2.83,ZA,1686093302
27,adamstown,-25.066,-130.1015,21.41,55,79,6.57,PN,1686093482
28,colonia,50.9333,6.95,19.41,60,0,1.54,DE,1686093281
29,murghob,38.1702,73.9667,3.52,76,99,1.63,TJ,1686093483
30,pfalzgrafenweiler,48.5167,8.5667,13.95,93,18,1.15,DE,1686092995
31,luanda,-8.8368,13.2343,20.76,91,80,2.94,AO,1686093481
32,hamilton,39.1834,-84.5333,28.02,42,100,4.12,US,1686093483
33,longyearbyen,78.2186,15.6401,3.91,65,20,5.14,SJ,1686093455
34,mejit,10.2753,170.8646,27.82,86,32,8.33,MH,1686093286
35,atafu village,-8.5421,-172.5159,27.97,77,64,4.35,TK,1686093484
36,isafjordur,66.0755,-23.124,3.02,93,20,0.0,IS,1686093484
37,san antonio de pale,-1.4014,5.6325,25.01,87,100,5.19,GQ,1686093484
38,lebyazh'ye,55.2689,66.4947,20.36,79,96,2.61,RU,1686093287
39,beyneu,45.3167,55.2,24.29,61,82,5.61,KZ,1686093287
40,invercargill,-46.4,168.35,5.29,76,40,1.41,NZ,1686093484
41,taoudenni,22.6783,-3.9836,34.27,15,0,3.4,ML,1686093287
42,iqaluit,63.7506,-68.5145,3.85,80,100,5.14,CA,1686093485
43,la ronge,55.1001,-105.2842,21.12,52,75,6.17,CA,1686093485
44,mildura,-34.2,142.15,17.26,89,80,6.61,AU,1686093284
45,tateyama,34.9833,139.8667,19.24,90,99,2.45,JP,1686093288
46,enewetak,11.3474,162.3373,28.16,78,93,6.94,MH,1686093485
47,saint-philippe,-21.3585,55.7679,21.77,82,36,4.14,RE,1686093288
48,polyarnyy,69.1989,33.4478,3.56,75,99,5.25,RU,1686093485
49,oak ridge,36.0104,-84.2696,29.62,45,0,1.54,US,1686093288
50,bojia,26.4672,111.9681,23.38,89,11,0.86,CN,1686093288
51,igarka,67.4667,86.5833,11.94,59,18,2.63,RU,1686093486
52,bethel,41.3712,-73.414,18.2,72,41,3.5,US,1686093486
53,haiku-pauwela,20.9219,-156.3051,28.01,65,40,8.23,US,1686093486
54,kingston,17.997,-76.7936,29.58,80,75,7.72,JM,1686093486
55,les avirons,-21.2418,55.3394,21.03,60,0,3.09,RE,1686093289
56,zhaogezhuang,39.7667,118.4,26.0,26,5,2.32,CN,1686093289
57,hotan,37.0997,79.9269,22.38,26,100,3.93,CN,1686093487
58,bogale,16.2833,95.4,26.06,83,91,2.48,MM,1686093290
59,kotel'nikovo,47.6317,43.1461,16.35,55,69,3.27,RU,1686093290
60,queenstown,-31.8976,26.8753,8.77,33,0,2.69,ZA,1686093290
61,amga,60.8953,131.9608,16.55,58,88,2.59,RU,1686093487
62,puerto ayora,-0.7393,-90.3518,25.31,94,71,2.24,EC,1686093487
63,hola,51.5377,23.1902,17.1,100,97,2.19,PL,1686093290
64,hawaiian paradise park,19.5933,-154.9731,27.73,77,75,5.14,US,1686093488
65,bilibino,68.0546,166.4372,13.24,48,88,0.58,RU,1686093488
66,luderitz,-26.6481,15.1594,11.77,93,4,5.85,NA,1686093488
67,mwinilunga,-11.7358,24.4293,15.01,55,59,1.95,ZM,1686093488
68,edinburgh of the seven seas,-37.0676,-12.3116,13.71,70,99,12.72,SH,1686093439
69,kharabali,47.4196,47.2568,16.35,56,30,4.04,RU,1686093291
70,mugia,43.1041,-9.2179,22.17,72,100,2.72,ES,1686093291
71,west island,-12.1568,96.8225,25.99,78,75,6.17,CC,1686093489
72,petropavlovsk-kamchatsky,53.0452,158.6483,14.33,38,0,6.0,RU,1686093489
73,praia da vitoria,38.7333,-27.0667,17.14,94,75,13.23,PT,1686093489
74,kilindoni,-7.9139,39.6668,25.93,77,0,6.62,TZ,1686093292
75,belmonte,-15.8631,-38.8828,23.9,70,54,4.74,BR,1686093489
76,akureyri,65.6835,-18.0878,4.96,81,75,1.54,IS,1686093292
77,mount gambier,-37.8333,140.7667,13.83,95,100,4.43,AU,1686093490
78,myshkin,57.7897,38.4545,7.68,77,32,2.37,RU,1686093292
79,margaret river,-33.95,115.0667,12.2,66,96,7.55,AU,1686093490
80,port mathurin,-19.6833,63.4167,24.93,65,25,9.25,MU,1686093490
81,hermanus,-34.4187,19.2345,12.64,65,54,1.41,ZA,1686093490
82,sao joao da barra,-21.6403,-41.0511,20.05,78,2,3.8,BR,1686093293
83,nuku'alofa,-21.1333,-175.2,25.19,88,100,2.57,TO,1686093293
84,nabire,-3.3667,135.4833,24.43,92,100,1.41,ID,1686093293
85,summerland,49.5998,-119.6691,28.94,18,0,6.17,CA,1686093293
86,st. john's,47.5649,-52.7093,10.31,98,100,6.69,CA,1686093491
87,bom jesus,-9.0744,-44.3586,28.76,34,57,1.87,BR,1686093293
88,crane,31.3974,-102.3501,29.0,29,86,5.68,US,1686093491
89,happy valley-goose bay,53.3168,-60.3315,6.17,87,100,10.8,CA,1686093492
90,college,64.8569,-147.8028,26.16,24,40,2.06,US,1686093492
91,klyuchi,52.2667,79.1667,20.45,58,31,0.26,RU,1686093492
92,nouadhibou,20.931,-17.0347,21.99,88,0,3.6,MR,1686093294
93,san patricio,28.017,-97.5169,31.76,60,41,4.16,US,1686093492
94,jinchang,38.4953,102.1739,17.95,28,71,3.32,CN,1686093492
95,cacoal,-11.4386,-61.4472,24.51,72,71,1.52,BR,1686093294
96,saint-joseph,-21.3667,55.6167,21.21,81,31,4.07,RE,1686093295
97,arraial do cabo,-22.9661,-42.0278,17.98,94,0,2.57,BR,1686093493
98,gebeit,21.0667,36.3167,30.99,27,82,1.77,SD,1686093493
99,constantia,44.1833,28.65,13.38,65,93,3.61,RO,1686093493
100,machico,32.7,-16.7667,21.67,89,40,4.12,PT,1686093295
101,uturoa,-16.7333,-151.4333,26.5,71,89,7.13,PF,1686093493
102,punta arenas,-53.15,-70.9167,4.06,81,20,4.63,CL,1686093424
103,naestved,55.2299,11.7609,11.19,87,0,1.9,DK,1686093021
104,minas de marcona,-15.2119,-75.1103,14.66,76,3,3.52,PE,1686093494
105,wailua homesteads,22.0669,-159.378,27.24,73,0,5.14,US,1686093494
106,aksaray,38.3726,34.0254,13.32,87,0,2.75,TR,1686093147
107,al ghayzah,16.2079,52.176,27.79,82,5,2.92,YE,1686093296
108,san luis de la loma,17.2706,-100.8939,30.87,56,2,3.39,MX,1686093494
109,pangoa,-12.1167,-73.0,22.38,79,45,1.21,PE,1686093296
110,nar'yan-mar,67.6713,53.087,3.31,88,99,6.24,RU,1686093494
111,taroa,8.7058,171.2275,27.99,84,75,8.85,MH,1686093297
112,lompoc,34.6391,-120.4579,16.08,92,100,3.09,US,1686093495
113,ban phaeo,13.5907,100.1075,30.01,70,100,2.8,TH,1686093297
114,betio village,1.358,172.9211,32.02,76,23,5.92,KI,1686093297
115,harstad,68.799,16.5293,3.97,100,100,1.34,NO,1686093297
116,qaqortoq,60.7167,-46.0333,3.02,92,100,1.54,GL,1686093495
117,daulatpur,26.5015,67.9706,33.92,40,0,2.47,PK,1686093298
118,georgetown,5.4112,100.3354,27.96,85,20,1.54,MY,1686093199
119,afaahiti,-17.75,-149.2833,28.93,75,97,6.57,PF,1686093496
120,antofagasta,-23.65,-70.4,16.6,80,31,2.02,CL,1686093135
121,yellowknife,62.456,-114.3525,12.29,87,75,6.69,CA,1686093496
122,bubanza,-3.1167,29.4,19.94,78,89,1.31,BI,1686093298
123,divino das laranjeiras,-18.7778,-41.4797,21.07,60,54,4.26,BR,1686093298
124,yorkton,51.2167,-102.4677,29.91,51,100,3.09,CA,1686093299
125,hadibu,12.65,54.0333,29.17,80,64,4.56,YE,1686093289
126,baker city,44.7749,-117.8344,28.84,35,0,3.6,US,1686093299
127,khandyga,62.6667,135.6,19.05,56,74,0.44,RU,1686093497
128,hilo,19.7297,-155.09,27.85,76,75,5.14,US,1686093061
129,sume,-7.6717,-36.88,22.49,84,82,2.0,BR,1686093299
130,port alfred,-33.5906,26.891,17.05,36,0,3.95,ZA,1686093497
131,lethem,3.3803,-59.7968,25.77,82,67,1.96,GY,1686093299
132,vorgashor,67.5833,63.95,4.0,93,96,7.32,RU,1686093497
133,bandarbeyla,9.4942,50.8122,27.49,83,97,10.36,SO,1686093300
134,tazacorte,28.629,-17.9293,22.54,85,20,3.09,ES,1686093497
135,conception bay south,47.4999,-52.9981,10.18,97,100,8.5,CA,1686093300
136,pereiaslav-khmelnytskyi,50.0877,31.4795,17.75,63,96,0.3,UA,1686093300
137,alice springs,-23.7,133.8833,18.75,63,76,2.57,AU,1686093498
138,minzhu,43.7286,127.3447,16.33,72,100,2.63,CN,1686093300
139,guane,22.2025,-84.0875,27.66,71,92,2.83,CU,1686093301
140,hwange,-18.3693,26.5019,17.61,42,0,1.34,ZW,1686093301
141,timimoun,29.2639,0.231,22.21,35,0,8.23,DZ,1686093301
142,vila velha,-20.3297,-40.2925,21.08,85,0,1.54,BR,1686093282
143,dudinka,69.4058,86.1778,8.68,57,8,4.0,RU,1686093499
144,tazovsky,67.4667,78.7,11.39,64,85,5.57,RU,1686093125
145,sena madureira,-9.0656,-68.6569,24.1,93,74,0.45,BR,1686093302
146,jacmel,18.2342,-72.5347,30.91,81,96,2.98,HT,1686093302
147,laufen,47.95,12.9333,14.25,82,22,3.09,DE,1686093167
148,naze,28.3667,129.4833,22.51,94,99,2.64,JP,1686093500
149,kruisfontein,-34.0033,24.7314,11.42,43,0,2.77,ZA,1686093302
150,tasqala,51.1167,50.3167,12.08,75,2,3.21,KZ,1686093302
151,loppi,60.7167,24.45,7.95,86,100,2.6,FI,1686093303
152,khovd,48.0056,91.6419,19.65,35,4,1.15,MN,1686093303
153,korla,41.7597,86.1469,23.9,25,23,3.81,CN,1686093500
154,nikolayevsk-on-amure,53.1406,140.73,18.13,60,16,1.47,RU,1686093303
155,dakhla,23.6848,-15.958,21.8,90,1,3.45,EH,1686093345
156,ushuaia,-54.8,-68.3,5.79,93,75,8.23,AR,1686093296
157,stanley,54.868,-1.6985,10.29,84,75,2.06,GB,1686093501
158,koprubasi,40.8086,40.1238,17.8,90,56,0.57,TR,1686093304
159,magadan,59.5667,150.8,16.41,67,70,1.65,RU,1686093075
160,plock,52.5468,19.7064,17.27,72,98,2.06,PL,1686093232
161,new norfolk,-42.7826,147.0587,12.73,91,27,0.97,AU,1686093501
162,avarua,-21.2078,-159.775,25.03,57,75,3.6,CK,1686093501
163,daru,-9.0763,143.2092,26.51,89,98,5.87,PG,1686093304
164,merritt,50.1123,-120.7942,27.96,13,0,1.79,CA,1686093502
165,ghat,24.9647,10.1728,29.33,20,28,6.0,LY,1686093502
166,ribeira grande,38.5167,-28.7,18.76,79,22,8.05,PT,1686093502
167,ladario,-19.0047,-57.6017,22.41,58,0,1.68,BR,1686093305
168,ilulissat,69.2167,-51.1,0.01,86,100,2.57,GL,1686093502
169,geraldton,-28.7667,114.6,12.23,87,100,3.6,AU,1686093502
170,aykhal,66.0,111.5,4.49,58,4,5.49,RU,1686093503
171,aasiaat,68.7098,-52.8699,-0.62,74,95,2.93,GL,1686093503
172,ust-nera,64.5667,143.2,7.72,91,100,3.38,RU,1686093503
173,mahibadhoo,3.7833,72.9667,28.71,76,97,6.69,MV,1686093503
174,udachny,66.4167,112.4,6.36,56,5,5.15,RU,1686093503
175,vilyuysk,63.7553,121.6247,11.3,54,17,2.22,RU,1686093306
176,saldanha,-33.0117,17.9442,12.24,79,0,4.36,ZA,1686093504
177,paracuru,-3.41,-39.0306,27.84,80,4,4.33,BR,1686093221
178,sabang,5.8933,95.3214,28.42,76,100,10.58,ID,1686093306
179,gorontalo,0.5412,123.0595,25.6,86,96,1.25,ID,1686093306
180,nalut,30.3333,10.85,23.41,57,88,4.82,LY,1686093307
181,susuman,62.7833,148.1667,14.47,50,55,3.83,RU,1686093504
182,tchintabaraden,15.8969,5.7985,31.59,30,80,4.86,NE,1686093307
183,fada,9.5667,8.3,21.39,95,94,1.24,NG,1686093307
184,kwale,5.7063,6.4374,22.78,99,100,0.64,NG,1686093307
185,umm kaddadah,13.6017,26.6876,26.45,60,96,3.44,SD,1686093307
186,freetown,8.484,-13.2299,26.45,86,100,1.49,SL,1686093307
187,figuig (centre),32.1089,-1.2286,25.48,36,95,4.89,MA,1686093308
188,sibolga,1.7427,98.7792,24.57,83,99,1.49,ID,1686093308
189,anar darah,32.7587,61.654,26.54,14,0,3.84,AF,1686093308
190,portland,45.5234,-122.6762,34.93,27,20,4.12,US,1686093305
191,selfoss,63.9331,-20.9971,6.14,74,15,3.61,IS,1686093505
192,tolanaro,-25.0319,46.9987,19.54,93,8,2.55,MG,1686093505
193,qui nhon,13.7667,109.2333,26.99,78,98,2.13,VN,1686093506
194,qarauyl,48.9451,79.255,20.24,35,26,3.97,KZ,1686093309
195,sitka,57.0531,-135.33,12.94,71,75,3.09,US,1686093506
196,dali,25.7,100.1833,16.58,93,21,0.9,CN,1686093064
197,tempio pausania,40.8974,9.1035,16.51,94,81,1.19,IT,1686093309
198,chibougamau,49.9168,-74.3659,13.79,38,75,7.2,CA,1686093506
199,brisas de zicatela,15.8369,-97.0419,31.29,70,40,3.6,MX,1686093310
200,kill devil hills,36.0307,-75.676,25.01,65,0,2.57,US,1686093507
201,faya-largeau,17.9257,19.1043,29.89,43,28,5.09,TD,1686093310
202,ola,59.5833,151.2833,16.75,65,82,1.93,RU,1686093507
203,kailua-kona,19.6406,-155.9956,27.98,72,75,4.12,US,1686093226
204,vadso,70.0744,29.7487,4.49,75,100,3.6,NO,1686093507
205,elliot,-31.3333,27.85,7.53,34,0,3.79,ZA,1686093310
206,christchurch,-43.5333,172.6333,10.23,89,13,2.57,NZ,1686093311
207,marsa alam,25.0757,34.8918,29.59,37,2,3.34,EG,1686093311
208,yambio,4.5721,28.3955,19.27,96,19,0.89,SS,1686093311
209,wani,20.0667,78.95,33.9,28,31,2.75,IN,1686093311
210,kavaratti,10.5669,72.642,29.82,74,95,8.35,IN,1686093508
211,tukrah,32.5341,20.5791,23.63,53,7,5.7,LY,1686093311
212,cidreira,-30.1811,-50.2056,18.17,86,0,5.94,BR,1686093508
213,flin flon,54.7682,-101.865,18.91,82,100,3.6,CA,1686093509
214,vilyuchinsk,52.9306,158.4028,15.15,79,91,2.48,RU,1686093509
215,gamboru,12.3707,14.2173,28.06,60,100,4.59,NG,1686093312
216,kiunga,-6.1219,141.2906,25.2,93,71,0.9,PG,1686093312
217,sisimiut,66.9395,-53.6735,-0.68,74,80,3.39,GL,1686093509
218,kaduy,59.2,37.15,6.74,65,64,0.99,RU,1686093312
219,kodiak,57.79,-152.4072,7.73,93,100,4.63,US,1686093510
220,piti village,13.4626,144.6933,30.49,73,75,9.26,GU,1686093313
221,yakeshi,49.2833,120.7333,8.17,91,100,5.27,CN,1686093313
222,salalah,17.0151,54.0924,29.05,84,20,2.06,OM,1686093239
223,morehead city,34.7229,-76.726,25.01,83,0,9.77,US,1686093313
224,mossel bay,-34.1831,22.146,7.96,58,0,2.72,ZA,1686093313
225,bougouni,11.417,-7.479,29.69,51,100,3.17,ML,1686093313
226,ghanzi,-21.5667,21.7833,18.6,25,0,2.81,BW,1686093511
227,yuzhno-kurilsk,44.0306,145.8556,12.82,86,100,2.78,RU,1686093511
228,tabou,4.423,-7.3528,25.32,89,100,4.48,CI,1686093314
229,porto novo,6.4965,2.6036,24.9,88,100,2.64,BJ,1686093511
230,mostar,43.3433,17.8081,17.9,88,20,1.54,BA,1686093162
231,lebu,-37.6167,-73.65,11.51,87,100,4.17,CL,1686093511
232,ayr,55.4627,-4.6339,10.99,82,0,1.03,GB,1686093314
233,leava,-14.3,-178.1667,27.49,78,99,4.4,WF,1686093314
234,paros,37.0833,25.15,21.28,73,36,3.09,GR,1686093315
235,koryazhma,61.3143,47.1691,4.33,93,8,1.57,RU,1686093315
236,qaisumah,28.3112,46.1273,30.26,32,99,1.77,SA,1686093315
237,manay,7.215,126.5397,25.36,90,100,2.65,PH,1686093315
238,port elizabeth,-33.918,25.5701,7.16,87,0,2.06,ZA,1686093512
239,tra vinh,9.9347,106.3453,25.34,91,100,2.48,VN,1686093315
240,sparti,37.0733,22.4297,19.97,61,72,1.04,GR,1686093290
241,manadhoo,5.7667,73.3833,28.9,80,96,7.1,MV,1686093316
242,kidal,18.4411,1.4078,33.13,9,8,4.59,ML,1686093513
243,raja,8.4596,25.678,21.44,97,100,1.05,SS,1686093316
244,san pedro,14.35,121.0167,27.92,89,20,1.03,PH,1686093316
245,kongolo,-5.3833,27.0,22.69,57,64,0.82,CD,1686093316
246,sanghar,26.0466,68.9481,30.23,65,0,6.6,PK,1686093317
247,saint-francois,46.4154,3.9054,14.69,82,0,1.03,FR,1686093317
248,yenangyaung,20.4667,94.8833,28.74,73,100,5.19,MM,1686093317
249,remire-montjoly,4.9167,-52.2667,25.02,94,0,0.51,GF,1686093513
250,tucuma,-0.1833,-50.05,24.93,92,10,2.56,BR,1686093471
251,karoi,-16.8099,29.6925,13.74,55,0,2.36,ZW,1686093317
252,kete krachi,7.7939,-0.0498,26.87,84,90,6.53,GH,1686093318
253,rajaori,33.3833,74.3,20.91,49,51,2.27,IN,1686093318
254,rio grande,-32.035,-52.0986,15.06,82,12,4.52,BR,1686093318
255,linkou,45.3,130.2833,15.48,77,100,3.51,CN,1686093318
256,kristiansund,63.1115,7.732,9.03,87,75,2.06,NO,1686093318
257,villa gesell,-37.2639,-56.973,15.59,92,100,6.7,AR,1686093514
258,lihue,21.9789,-159.3672,27.58,68,0,5.14,US,1686093515
259,gunnison,38.7,-107.0673,14.47,59,99,1.18,US,1686093319
260,calama,-22.4667,-68.9333,15.27,6,0,3.6,CL,1686093318
261,tannum sands,-23.9504,151.3693,20.97,60,75,4.63,AU,1686093319
262,peniche,39.3558,-9.3811,21.27,89,100,3.5,PT,1686093319
263,lodja,-3.4833,23.4333,22.21,77,26,0.63,CD,1686093515
264,altay,47.8667,88.1167,20.59,39,15,2.8,CN,1686093319
265,magnitogorsk,53.4186,59.0472,16.46,88,100,3.0,RU,1686093181
266,mil'kovo,55.6078,37.7956,13.22,79,33,2.79,RU,1686093320
267,hammerfest,70.6634,23.6821,3.25,93,75,4.12,NO,1686093516
268,vityazevo,44.9931,37.2719,14.23,82,0,4.02,RU,1686093320
269,tsetserleg,47.475,101.4542,11.17,83,43,0.76,MN,1686093320
270,shevchenko,48.5,35.0,15.75,56,87,0.76,UA,1686093320
271,as sulayyil,20.4607,45.5779,32.74,16,18,3.3,SA,1686093320
272,fale old settlement,-9.3852,-171.2468,28.19,77,38,5.29,TK,1686093321
273,tamarin,-20.3256,57.3706,24.31,77,6,5.86,MU,1686093321
274,laojunmiao,39.8333,97.7333,15.59,29,10,1.72,CN,1686093321
275,las lomitas,-24.7096,-60.593,25.51,60,86,4.08,AR,1686093321
276,hat yai,7.0084,100.4767,28.87,100,75,1.03,TH,1686093321
277,mankera,31.3866,71.4407,29.86,47,1,4.05,PK,1686093321
278,nuuk,64.1835,-51.7216,1.34,100,100,10.8,GL,1686093517
279,qoryooley,1.7878,44.53,24.22,87,49,4.37,SO,1686093322
280,nemuro,43.3236,145.575,11.57,96,99,2.93,JP,1686093517
281,macae,-22.3708,-41.7869,16.86,100,0,1.03,BR,1686093322
282,caconda,-13.7333,15.0667,13.74,45,3,1.15,AO,1686093322
283,an nuhud,12.7,28.4333,27.51,54,100,2.61,SD,1686093322
284,sao vicente,-23.9631,-46.3919,22.21,26,2,1.89,BR,1686093423
285,balabac,7.9868,117.0645,28.15,79,99,2.63,PH,1686093323
286,nova xavantina,-14.6667,-52.35,22.62,44,40,0.71,BR,1686093323
287,kapa'a,22.0752,-159.319,27.99,74,0,5.14,US,1686093323
288,bandar labuan,5.2888,115.2692,26.2,89,20,0.51,MY,1686093323
289,fortuna,40.5982,-124.1573,18.51,75,0,5.14,US,1686093519
290,nova sintra,14.8667,-24.7167,21.36,80,9,1.18,CV,1686093519
291,vendas novas,38.6771,-8.4579,17.95,91,100,2.65,PT,1686093324
292,santiago,-33.4569,-70.6483,18.43,41,75,1.03,CL,1686093318
293,vorkuta,67.5,64.0,4.23,93,96,7.54,RU,1686093519
294,gadzhiyevo,69.2551,33.3362,3.56,75,99,5.54,RU,1686093519
295,port macquarie,-31.4333,152.9167,16.61,71,50,1.61,AU,1686093324
296,keflavik,64.0049,-22.5624,5.95,75,75,3.09,IS,1686093324
297,sarangani,5.4033,125.4636,28.67,75,99,4.12,PH,1686093324
298,mar del plata,-38.0023,-57.5575,17.27,85,98,1.34,AR,1686093038
299,badger,64.8,-147.5333,26.11,25,40,2.06,US,1686093520
300,bamboo flat,11.7,92.7167,26.05,89,100,2.57,IN,1686093520
301,as saff,29.5647,31.2811,26.38,31,73,3.07,EG,1686093325
302,chambersburg,39.9376,-77.6611,26.38,39,90,3.13,US,1686093325
303,tarnogskiy gorodok,60.4997,43.5761,4.53,84,9,1.75,RU,1686093325
304,salinopolis,-0.6136,-47.3561,26.32,83,13,4.21,BR,1686093520
305,sayanogorsk,53.0875,91.3997,19.6,66,2,1.18,RU,1686093326
306,hajin,34.6927,40.827,27.94,23,1,3.83,SY,1686093326
307,tsiombe,-25.3,45.4833,20.02,97,9,2.72,MG,1686093326
308,bei'an,24.5399,109.533,24.39,89,9,1.58,CN,1686093326
309,lenino,45.2986,35.7771,16.0,75,54,4.3,UA,1686093326
310,sao jose da coroa grande,-8.8978,-35.1478,25.04,81,32,2.7,BR,1686093521
311,olonkinbyen,70.9221,-8.7187,0.72,83,100,2.71,SJ,1686093327
312,coquimbo,-29.9533,-71.3436,13.85,94,0,2.57,CL,1686093406
313,ancud,-41.8697,-73.8203,8.8,85,60,2.65,CL,1686093522
314,nova vicosa,-17.8919,-39.3719,22.81,69,39,4.01,BR,1686093522
315,tarko-sale,64.9225,77.785,15.39,52,61,4.72,RU,1686093327
316,arsk,56.0915,49.8778,10.57,80,100,3.46,RU,1686093327
317,pauini,-7.7136,-66.9764,23.84,95,95,0.82,BR,1686093328
318,nadym,65.5333,72.5167,13.73,60,78,4.64,RU,1686093328
319,uyuni,-20.4597,-66.825,4.73,18,0,2.73,BO,1686093263
320,iskateley,67.6803,53.1512,3.28,88,99,6.21,RU,1686093523
321,cozumel,20.5083,-86.9458,30.04,72,40,4.47,MX,1686093328
322,kargasok,59.0556,80.8572,19.59,70,93,2.75,RU,1686093328
323,jati,24.3539,68.2671,27.99,85,4,7.54,PK,1686093329
324,burayevo,55.8407,55.4083,10.3,94,100,2.53,RU,1686093329
325,el charco,2.4769,-78.1105,25.87,89,75,1.77,CO,1686093329
326,cheremshan,54.6667,51.5,11.88,76,95,3.44,RU,1686093329
327,whakatane,-37.9585,176.9854,15.43,73,61,5.89,NZ,1686093329
328,rongelap,11.1635,166.8941,27.85,82,93,8.24,MH,1686093524
329,nola,40.922,14.5329,20.91,89,100,0.42,IT,1686093330
330,cruz alta,-28.6386,-53.6064,17.62,73,0,2.54,BR,1686093330
331,wynyard,-41.0,145.7167,14.43,94,54,3.66,AU,1686093330
332,dadukou,26.5479,101.7054,23.97,70,70,1.24,CN,1686093330
333,la'ie,21.6477,-157.9253,30.98,65,40,2.68,US,1686093525
334,tlapa de comonfort,17.55,-98.55,31.83,33,7,3.04,MX,1686093330
335,miguel auza,24.2933,-103.4503,27.73,21,74,2.77,MX,1686093331
336,island harbour,50.724,-1.2758,12.78,79,0,2.68,GB,1686093525
337,tacotalpa,17.6,-92.8167,32.14,45,66,4.54,MX,1686093331
338,purpe,64.4803,76.6897,15.26,47,65,5.02,RU,1686093329
339,gilgit,35.9221,74.3087,19.38,44,86,1.44,PK,1686093331
340,dhulia,20.9,74.7833,29.83,48,1,5.07,IN,1686093331
341,agat village,13.3886,144.6585,30.53,73,75,9.26,GU,1686093331
342,bubaque,11.2833,-15.8333,27.65,72,69,6.22,GW,1686093526
343,shitanjing,39.2342,106.3439,19.36,40,38,4.34,CN,1686093332
344,carutapera,-1.195,-46.02,24.8,89,28,2.59,BR,1686093526
345,papao,-17.75,-149.55,29.82,75,82,7.26,PF,1686093526
346,suntar,62.1444,117.6319,10.78,53,60,0.81,RU,1686093332
347,kone,-21.0595,164.8658,23.35,49,9,2.93,NC,1686093332
348,berdigestyakh,62.0989,126.6992,13.93,53,13,3.27,RU,1686093332
349,la jagua de ibirico,9.5623,-73.3341,25.65,93,100,1.22,CO,1686093333
350,bida,9.0833,6.0167,24.69,85,78,2.09,NG,1686093333
351,el jadid,33.2549,-8.506,21.36,73,100,2.91,MA,1686093333
352,revda,56.801,59.9303,10.78,98,100,2.7,RU,1686093527
353,bueng kan,18.363,103.6519,24.44,97,100,0.71,TH,1686093333
354,lata,40.1629,-8.3327,19.95,91,100,0.92,PT,1686093527
355,yamada,39.4667,141.95,16.49,92,99,1.94,JP,1686093333
356,port lincoln,-34.7333,135.8667,16.17,83,26,5.35,AU,1686093528
357,karatuzskoye,53.6072,92.8667,17.05,73,2,1.62,RU,1686093334
358,cape town,-33.9258,18.4232,11.73,75,0,3.09,ZA,1686093131
359,umea,63.8284,20.2597,6.62,93,20,1.54,SE,1686092767
360,hafar al-batin,28.4328,45.9708,30.17,33,99,1.13,SA,1686093334
361,kabompo,-13.5927,24.2008,14.49,46,1,2.24,ZM,1686093334
362,sola,-13.8833,167.55,25.67,80,97,7.9,VU,1686093334
363,greymouth,-42.4667,171.2,8.75,70,0,2.16,NZ,1686093335
364,saryozek,44.3583,77.9753,21.0,39,89,3.25,KZ,1686093335
365,poshekhon'ye,58.4993,39.1353,7.22,64,58,1.03,RU,1686093335
366,borogontsy,62.6683,131.1683,15.76,59,93,3.04,RU,1686093335
367,dawei,14.0833,98.2,25.57,93,100,4.12,MM,1686093335
368,nishinoomote,30.7333,131.0,21.82,82,59,6.39,JP,1686093335
369,joshimath,30.5667,79.5667,13.13,65,12,2.93,IN,1686093335
370,solwezi,-12.1688,26.3894,14.33,58,0,1.33,ZM,1686093336
371,turpan,42.9333,89.1667,30.96,13,0,0.84,CN,1686093529
372,la maddalena,41.2142,9.4083,20.03,83,96,2.97,IT,1686093336
373,abengourou,6.7297,-3.4964,23.18,99,100,1.8,CI,1686093336
374,lorengau,-2.0226,147.2712,28.47,75,86,1.48,PG,1686093336
375,mynamaki,60.7446,22.0243,6.2,82,80,1.65,FI,1686093336
376,prince albert,53.2001,-105.7677,22.97,68,40,4.12,CA,1686093337
377,iquique,-20.2208,-70.1431,19.02,79,0,0.88,CL,1686093199
378,vila franca do campo,37.7167,-25.4333,18.23,87,100,8.75,PT,1686093530
379,kolobrzeg,54.1757,15.5834,15.08,52,13,2.23,PL,1686093039
380,claveria,18.6074,121.0832,27.58,82,35,1.5,PH,1686093337
381,smithers,54.7804,-127.1743,19.18,32,40,5.66,CA,1686093530
382,cherdyn',60.403,56.4787,9.29,80,85,1.19,RU,1686093337
383,walvis bay,-22.9575,14.5053,13.38,90,0,1.47,NA,1686093531
384,budva,42.2864,18.84,20.14,94,100,0.51,ME,1686093217
385,sardinata,8.0829,-72.8007,25.49,89,95,1.5,CO,1686093338
386,santanyi,39.3546,3.1291,20.9,76,73,2.89,ES,1686093338
387,aripuana,-9.1667,-60.6333,26.79,69,97,0.82,BR,1686093338
388,fortaleza,-3.7227,-38.5247,27.9,83,0,5.14,BR,1686092991
389,nieuw nickerie,5.95,-56.9833,26.31,85,12,3.99,SR,1686093338
390,hau-ri,41.2006,129.4703,23.62,38,11,1.65,KP,1686093338
391,plymstock,50.36,-4.0905,14.04,75,0,2.24,GB,1686093339
392,mizdah,31.4451,12.9801,19.91,55,85,4.88,LY,1686093339
393,codrington,-38.2667,141.9667,15.09,80,100,7.23,AU,1686093339
394,santa ana,33.7456,-117.8678,23.29,61,75,5.14,US,1686093532
395,berezovo,63.9381,65.0419,10.21,80,79,2.87,RU,1686093141
396,alofi,-19.0595,-169.9187,26.94,78,75,5.14,NU,1686093532
397,lepsy,46.235,78.9456,21.54,42,80,4.1,KZ,1686093340
398,minna,9.6139,6.5569,25.84,89,0,1.03,NG,1686093243
399,marathon,44.9,-89.7668,23.86,47,100,3.6,US,1686093340
400,holualoa,19.6228,-155.9522,25.91,74,75,4.12,US,1686093533
401,kingscliff,-28.2667,153.5667,18.76,77,100,3.09,AU,1686093340
402,ivdel',60.6911,60.4206,11.97,70,100,0.86,RU,1686093341
403,keelung,25.1283,121.7419,28.94,84,100,1.15,TW,1686093341
404,agde,43.3108,3.4758,20.92,92,0,3.09,FR,1686093341
405,brookings,44.3114,-96.7984,31.77,46,0,5.14,US,1686093341
406,turkmenbasy,40.0222,52.9552,20.43,83,100,6.17,TM,1686093341
407,pingdingshan,33.7385,113.3012,23.14,63,100,2.26,CN,1686093341
408,thunder bay,48.4001,-89.3168,17.95,32,100,2.57,CA,1686093341
409,maceio,-9.6658,-35.7353,23.69,100,75,2.06,BR,1686093093
410,sault ste. marie,46.5168,-84.3333,20.16,45,0,6.17,CA,1686093342
411,raduzhny,62.0961,77.475,14.68,54,4,3.39,RU,1686093342
412,malabar,-33.9667,151.25,17.1,84,20,2.57,AU,1686093342
413,cannonvale,-20.2833,148.7,22.66,74,49,7.73,AU,1686093342
414,carnarvon,-24.8667,113.6333,18.26,70,89,3.61,AU,1686093534
415,ad dilinjat,30.8279,30.5363,19.69,73,93,2.55,EG,1686093342
416,saipan,15.1355,145.701,30.39,100,20,8.75,MP,1686093535
417,taulaga,-11.0553,-171.0883,28.28,77,96,8.05,AS,1686093343
418,puerto armuelles,8.2833,-82.8667,28.94,68,99,1.34,PA,1686093343
419,rechka-vydrino,51.485,104.8461,11.03,68,4,1.26,RU,1686093343
420,ubinskoye,55.3068,79.6802,19.67,69,6,3.34,RU,1686093343
421,greenville,35.6127,-77.3663,28.09,49,0,2.06,US,1686093535
422,inari,68.906,27.0288,2.11,71,97,0.91,FI,1686093343
423,benjamin aceval,-24.9667,-57.5667,23.11,71,0,2.24,PY,1686093344
424,waingapu,-9.6567,120.2641,24.38,85,26,2.45,ID,1686093344
425,jayapura,-2.5333,140.7,28.66,81,99,2.33,ID,1686093344
426,beledweyne,4.7358,45.2036,25.32,72,60,8.14,SO,1686093344
427,tadine,-21.55,167.8833,21.94,61,97,6.15,NC,1686093536
428,pointe-noire,-4.7761,11.8635,22.8,92,51,2.31,CG,1686093344
429,hasaki,35.7333,140.8333,22.34,89,94,2.71,JP,1686093345
430,krylovskaya,46.3194,39.9711,12.18,82,3,3.08,RU,1686093345
431,bouar,5.934,15.596,18.66,93,67,1.29,CF,1686093345
432,torbat-e jam,35.244,60.6225,25.68,15,19,4.48,IR,1686093345
433,taco pozo,-25.6167,-63.2833,22.53,70,48,2.06,AR,1686093345
434,champerico,14.3,-91.9167,33.3,70,100,2.32,GT,1686093346
435,fort irwin,35.2627,-116.6848,27.9,12,0,4.12,US,1686093346
436,andergrove,-21.0833,149.1833,23.69,74,63,6.07,AU,1686093537
437,la passe,45.5549,-0.8967,19.99,77,16,3.32,FR,1686093537
438,watsa,3.0372,29.5355,18.79,82,75,1.18,CD,1686093346
439,pico truncado,-46.7949,-67.9573,6.88,42,18,9.29,AR,1686093346
440,masuguru,-11.3667,38.4167,19.66,72,2,0.95,TZ,1686093347
441,waterloo,43.4668,-80.5164,19.74,39,0,6.17,CA,1686093347
442,itapirapua,-15.8233,-50.6133,22.21,37,28,1.73,BR,1686093347
443,kapuskasing,49.4169,-82.4331,18.05,24,0,6.69,CA,1686093347
444,rupert,42.6191,-113.6772,28.43,26,0,2.57,US,1686093347
445,desaguadero,-16.5656,-69.0417,8.09,37,0,2.67,PE,1686093347
446,nsanje,-16.92,35.262,20.05,86,0,1.51,MW,1686093348
447,ponta delgada,37.7333,-25.6667,18.4,94,75,9.77,PT,1686093348
448,palikir - national government center,6.9248,158.1611,28.41,84,75,1.54,FM,1686093538
449,sitia,35.2,26.0986,22.21,86,34,3.17,GR,1686093213
450,amasra,41.7463,32.3863,16.82,90,54,4.68,TR,1686093348
451,zherdevka,51.8486,41.4606,12.52,77,93,2.65,RU,1686093348
452,bogoroditsk,53.7717,38.1241,12.06,66,63,2.91,RU,1686093249
453,wad medani,14.4012,33.5199,30.57,43,26,3.49,SD,1686093349
454,prince rupert,54.3161,-130.3201,15.05,69,0,6.69,CA,1686093349
455,charlottetown,46.2352,-63.1267,12.53,94,75,3.09,CA,1686093349
456,krasnovishersk,60.4078,57.082,8.28,89,100,0.62,RU,1686093349
457,sidi akkacha,36.4647,1.3026,24.16,73,100,2.7,DZ,1686093349
458,chernyshevsk,52.5243,117.0174,10.38,68,85,6.35,RU,1686093349
459,pariaman,-0.619,100.12,24.89,87,82,1.52,ID,1686093540
460,liaocheng,36.4439,115.9647,26.06,47,100,5.37,CN,1686093170
461,natal,-5.795,-35.2094,27.12,83,75,3.09,BR,1686093480
462,yazman,29.1212,71.7446,30.18,42,73,6.03,PK,1686093350
463,gizo,-8.103,156.8419,28.56,76,63,4.12,SB,1686093350
464,glace bay,46.1969,-59.957,8.94,95,100,7.72,CA,1686093540
465,lerwick,60.1545,-1.1494,10.0,81,100,2.61,GB,1686093350
466,imbituba,-28.24,-48.6703,17.84,91,3,3.89,BR,1686093125
467,okulovka,58.4008,33.2908,10.34,88,88,1.0,RU,1686093351
468,phuthaditjhaba,-28.5242,28.8158,8.88,26,0,2.52,ZA,1686093351
469,ta`u,-14.2336,-169.5144,27.38,77,98,9.41,AS,1686093351
470,charters towers,-20.1,146.2667,19.47,75,63,5.69,AU,1686093351
471,inhambane,-23.865,35.3833,21.87,88,0,2.49,MZ,1686093541
472,karymskoye,51.6167,114.35,10.92,51,62,3.78,RU,1686093351
473,griffith,41.5284,-87.4237,23.41,77,0,5.14,US,1686093352
474,chivhu,-19.0211,30.8922,10.6,78,0,2.98,ZW,1686093352
475,patterson,37.4716,-121.1297,25.99,47,28,2.02,US,1686093352
476,birao,10.2849,22.7882,24.08,76,100,0.67,CF,1686093352
477,lycksele,64.5954,18.6735,2.93,81,28,3.6,SE,1686093352
478,childress,34.4264,-100.204,29.14,37,75,0.0,US,1686093352
479,anna regina,7.2644,-58.5077,26.69,81,65,3.3,GY,1686093353
480,mccook,40.2019,-100.6257,28.25,42,0,2.06,US,1686093353
481,jwaneng,-24.6004,24.7303,13.89,57,0,5.1,BW,1686093353
482,necochea,-38.5473,-58.7368,13.57,82,100,5.29,AR,1686093353
483,savalou,7.9281,1.9756,24.4,92,100,3.27,BJ,1686093353
484,karwar,14.8,74.1333,27.55,83,38,3.17,IN,1686093353
485,dalnerechensk,45.9339,133.7225,16.96,83,57,2.85,RU,1686093353
486,newman,37.3138,-121.0208,27.25,47,21,2.68,US,1686093354
487,labrador city,52.9463,-66.9114,4.95,87,100,6.17,CA,1686093354
488,kanel,15.4916,-13.1763,34.72,17,7,5.14,SN,1686093354
489,nyurba,63.2842,118.3319,9.6,54,42,2.08,RU,1686093354
490,ko pha ngan,9.7578,100.0291,26.38,77,100,8.21,TH,1686093354
491,eirunepe,-6.6603,-69.8736,23.89,95,92,1.17,BR,1686093148
492,al jawf,29.5,38.75,27.36,18,5,5.04,SA,1686093355
493,batangafo,7.3008,18.2833,22.68,92,99,0.45,CF,1686093355
494,khanty-mansiysk,61.0042,69.0019,13.06,71,0,0.0,RU,1686093355
495,chui,-33.6971,-53.4616,15.1,76,38,3.49,UY,1686093355
496,zolochiv,49.806,24.8944,13.52,95,100,3.01,UA,1686093355
497,ixmiquilpan,20.4833,-99.2333,26.86,40,41,7.21,MX,1686093355
498,mount isa,-20.7333,139.5,22.87,56,75,3.6,AU,1686093323
499,kassala,15.451,36.4,31.06,43,91,1.03,SD,1686093356
500,chonchi,-42.6128,-73.8092,6.18,91,51,1.29,CL,1686093356
501,pong nam ron,12.9058,102.2623,22.8,98,100,1.76,TH,1686093356
502,schaffhausen,47.6973,8.6349,16.22,87,3,2.01,CH,1686093094
503,linhares,-19.3911,-40.0722,18.29,94,47,1.28,BR,1686093356
504,fort mcmurray,56.7268,-111.381,22.77,33,0,6.17,CA,1686093356
505,ulsteinvik,62.3432,5.8487,10.5,85,1,0.45,NO,1686093545
506,nicoya,10.1483,-85.452,28.93,74,93,2.14,CR,1686093357
507,uchaly,54.2996,59.4521,13.9,97,66,3.1,RU,1686093357
508,swakopmund,-22.6833,14.5333,13.32,84,0,0.45,NA,1686093357
509,kalachinsk,55.0529,74.5751,19.42,71,88,1.72,RU,1686093357
510,cova figueira,14.8905,-24.2934,21.97,80,37,1.53,CV,1686093357
511,novodvinsk,64.4165,40.8122,2.11,90,100,1.81,RU,1686093546
512,tindouf,27.6711,-8.1474,28.06,21,1,6.55,DZ,1686093071
513,hirara,24.8,125.2833,27.15,89,75,4.12,JP,1686093358
514,ondjiva,-17.0667,15.7333,16.88,24,0,2.46,AO,1686093358
515,jinghong,21.991,100.7341,22.66,100,100,0.15,CN,1686093090
516,sajir,25.1825,44.5996,30.79,22,92,3.48,SA,1686093358
517,scarborough,54.2797,-0.4044,10.51,83,99,1.34,GB,1686093358
518,kingaroy,-26.5333,151.8333,15.32,72,82,3.89,AU,1686093359
519,kayangel,8.0823,134.7173,28.43,80,100,8.06,PW,1686093359
520,rumonge,-3.9736,29.4386,22.13,69,85,2.08,BI,1686093359
521,hami,42.8,93.45,25.34,18,0,2.26,CN,1686093547
522,belaya glina,46.07,40.86,14.1,68,34,2.87,RU,1686093359
523,cestos city,5.46,-9.5828,25.35,89,100,6.5,LR,1686093360
524,newnham,-41.3833,147.1333,12.95,96,75,2.06,AU,1686093360
525,nosy varika,-20.5833,48.5333,20.18,92,31,2.85,MG,1686093360
526,tura,25.5198,90.2201,25.83,62,1,2.3,IN,1686093360
527,taksimo,56.3444,114.8794,8.04,67,98,2.33,RU,1686093146
528,njombe,-9.3333,34.7667,10.63,97,13,2.54,TZ,1686093360
529,puerto baquerizo moreno,-0.9,-89.6,24.55,94,100,3.09,EC,1686093548
530,vavuniya,8.7514,80.4971,27.0,82,97,3.83,LK,1686093361
531,san antonio oeste,-40.7319,-64.9477,12.65,47,49,2.1,AR,1686093361
532,belyy yar,53.6039,91.3903,15.94,77,0,0.0,RU,1686093548
533,dryden,49.7833,-92.7503,19.16,77,100,4.12,CA,1686093361
534,karratha,-20.7377,116.8463,16.55,54,29,4.63,AU,1686093549
535,jand,33.4299,72.0193,28.06,43,0,1.43,PK,1686093361
536,dalandzadgad,43.5708,104.425,15.56,54,60,3.35,MN,1686093361
537,chita,52.0333,113.55,7.94,49,20,2.0,RU,1686093362
538,santa maria da vitoria,-13.3947,-44.1886,23.31,45,15,1.24,BR,1686093362
539,vanimo,-2.6741,141.3028,27.74,78,74,2.72,PG,1686093362
540,chibuto,-24.6867,33.5306,18.96,97,5,0.28,MZ,1686093362
541,labytnangi,66.6572,66.4183,9.36,72,44,3.97,RU,1686093549
542,pacific grove,36.6177,-121.9166,18.57,82,100,4.92,US,1686093362
543,n'zeto,-7.2312,12.8666,21.49,92,34,2.82,AO,1686093363
544,santa terezinha,-29.9002,-50.0904,17.82,87,1,5.36,BR,1686093363
545,beloyarskiy,63.7119,66.6722,11.37,74,97,2.09,RU,1686093363
546,kargil,34.5667,76.1,6.21,51,75,1.6,IN,1686093363
547,egilsstadir,65.2653,-14.3948,5.95,87,75,3.6,IS,1686093363
548,tabarka,36.9544,8.758,17.36,88,40,2.57,TN,1686093363
549,mohr,54.3528,9.7167,11.19,92,0,2.06,DE,1686093364
550,cabo san lucas,22.8909,-109.9124,31.45,41,0,6.17,MX,1686093364
551,malaya vishera,58.8454,32.2222,9.6,84,100,1.65,RU,1686093364
552,pandan,14.0453,124.1694,27.89,80,67,2.21,PH,1686093364
553,moranbah,-22.0016,148.0466,18.67,71,4,7.56,AU,1686093364
554,malampaka,-3.1333,33.5333,19.27,59,43,4.03,TZ,1686093364
555,lagunillas,10.1301,-71.2595,28.6,76,74,1.15,VE,1686093365
556,ma'rib,15.4591,45.3253,28.65,15,21,1.86,YE,1686093365
557,jiuquan,39.7432,98.5174,19.18,25,4,1.56,CN,1686093365
558,tongren,27.7172,109.1853,20.91,93,2,0.35,CN,1686093365
559,surovikino,48.6078,42.8486,14.46,64,46,3.13,RU,1686093239
560,shalkar,47.8288,59.6258,24.37,49,12,5.67,KZ,1686093365
561,cox's bazar,21.4532,91.9798,27.98,84,100,1.57,BD,1686093366
562,tawau,4.2498,117.8871,26.07,83,97,1.21,MY,1686093366
563,al bayda',32.7627,21.7551,18.58,48,3,5.93,LY,1686093366
564,nogliki,51.8333,143.1667,8.97,72,92,2.66,RU,1686093366
565,nokha,27.6,73.4167,29.65,40,85,3.76,IN,1686093366
566,santiago de cao,-7.9589,-79.2392,24.07,78,59,4.63,PE,1686093366
567,vuktyl,63.8567,57.3094,6.31,81,28,1.75,RU,1686093367
568,ciudad melchor muzquiz,27.8833,-101.5167,31.52,38,7,3.96,MX,1686093367
569,san andres,12.5847,-81.7006,28.94,73,78,1.8,CO,1686093367
570,mahina,-17.5065,-149.489,29.87,54,20,3.09,PF,1686093367
571,bac lieu,9.285,105.7244,26.55,84,100,4.51,VN,1686093367
